Order,Kana,Filename,Start,End,Status
1,あ,kana_asuka80_001.mp3,0,0.293312,Mapped by supplied order; listening review pending
2,い,kana_asuka80_002.mp3,0.716604,0.8655,Mapped by supplied order; listening review pending
3,う,kana_asuka80_003.mp3,1.29192,1.5374,Mapped by supplied order; listening review pending
4,え,kana_asuka80_004.mp3,1.98783,2.48158,Mapped by supplied order; listening review pending
5,お,kana_asuka80_005.mp3,2.92602,3.09137,Mapped by supplied order; listening review pending
6,か,kana_asuka80_006.mp3,3.51425,3.68354,Mapped by supplied order; listening review pending
7,き,kana_asuka80_007.mp3,4.15496,4.39042,Mapped by supplied order; listening review pending
8,く,kana_asuka80_008.mp3,4.82037,5.06348,Mapped by supplied order; listening review pending
9,け,kana_asuka80_009.mp3,5.50456,5.73806,Mapped by supplied order; listening review pending
10,こ,kana_asuka80_010.mp3,6.18854,6.41442,Mapped by supplied order; listening review pending
11,さ,kana_asuka80_011.mp3,6.87171,7.3071,Mapped by supplied order; listening review pending
12,し,kana_asuka80_012.mp3,7.76417,8.06219,Mapped by supplied order; listening review pending
13,す,kana_asuka80_013.mp3,8.51552,9.00792,Mapped by supplied order; listening review pending
14,せ,kana_asuka80_014.mp3,9.4561,9.83798,Mapped by supplied order; listening review pending
15,そ,kana_asuka80_015.mp3,10.282,10.9112,Mapped by supplied order; listening review pending
16,た,kana_asuka80_016.mp3,11.3585,11.5937,Mapped by supplied order; listening review pending
17,ち,kana_asuka80_017.mp3,12.0516,12.3483,Mapped by supplied order; listening review pending
18,つ,kana_asuka80_018.mp3,12.8026,13.0201,Mapped by supplied order; listening review pending
19,て,kana_asuka80_019.mp3,13.4643,13.6941,Mapped by supplied order; listening review pending
20,と,kana_asuka80_020.mp3,14.1641,14.3767,Mapped by supplied order; listening review pending
21,な,kana_asuka80_021.mp3,14.8288,15.1116,Mapped by supplied order; listening review pending
22,に,kana_asuka80_022.mp3,15.5555,15.7946,Mapped by supplied order; listening review pending
23,ぬ,kana_asuka80_023.mp3,16.233,16.5271,Mapped by supplied order; listening review pending
24,ね,kana_asuka80_024.mp3,16.982,17.1628,Mapped by supplied order; listening review pending
25,の,kana_asuka80_025.mp3,17.5896,17.8106,Mapped by supplied order; listening review pending
26,は,kana_asuka80_026.mp3,18.2319,18.4881,Mapped by supplied order; listening review pending
27,ひ,kana_asuka80_027.mp3,18.9186,19.1634,Mapped by supplied order; listening review pending
28,ふ,kana_asuka80_028.mp3,19.6176,19.8279,Mapped by supplied order; listening review pending
29,へ,kana_asuka80_029.mp3,20.2657,20.5068,Mapped by supplied order; listening review pending
30,ほ,kana_asuka80_030.mp3,20.9491,21.1569,Mapped by supplied order; listening review pending
31,ま,kana_asuka80_031.mp3,21.5721,21.7729,Mapped by supplied order; listening review pending
32,み,kana_asuka80_032.mp3,22.2148,22.454,Mapped by supplied order; listening review pending
33,む,kana_asuka80_033.mp3,22.8786,23.1296,Mapped by supplied order; listening review pending
34,め,kana_asuka80_034.mp3,23.5723,23.8118,Mapped by supplied order; listening review pending
35,も,kana_asuka80_035.mp3,24.2641,24.4992,Mapped by supplied order; listening review pending
36,や,kana_asuka80_036.mp3,24.9445,25.149,Mapped by supplied order; listening review pending
37,ゆ,kana_asuka80_037.mp3,25.63,25.9104,Mapped by supplied order; listening review pending
38,よ,kana_asuka80_038.mp3,26.3565,26.6749,Mapped by supplied order; listening review pending
39,ら,kana_asuka80_039.mp3,27.1194,27.3287,Mapped by supplied order; listening review pending
40,り,kana_asuka80_040.mp3,27.7543,28.0211,Mapped by supplied order; listening review pending
41,る,kana_asuka80_041.mp3,28.4548,28.68,Mapped by supplied order; listening review pending
42,れ,kana_asuka80_042.mp3,29.1165,29.4422,Mapped by supplied order; listening review pending
43,ろ,kana_asuka80_043.mp3,29.876,30.255,Mapped by supplied order; listening review pending
44,わ,kana_asuka80_044.mp3,30.6948,30.9549,Mapped by supplied order; listening review pending
45,を,kana_asuka80_045.mp3,31.3825,31.5652,Mapped by supplied order; listening review pending
46,ん,kana_asuka80_046.mp3,31.9843,32.3349,Mapped by supplied order; listening review pending
47,が,kana_asuka80_047.mp3,32.7584,32.9931,Mapped by supplied order; listening review pending
48,ぎ,kana_asuka80_048.mp3,33.4332,33.6532,Mapped by supplied order; listening review pending
49,ぐ,kana_asuka80_049.mp3,34.0899,34.3212,Mapped by supplied order; listening review pending
50,げ,kana_asuka80_050.mp3,34.7524,34.9886,Mapped by supplied order; listening review pending
51,ご,kana_asuka80_051.mp3,35.4217,35.6651,Mapped by supplied order; listening review pending
52,ざ,kana_asuka80_052.mp3,36.0948,36.707,Mapped by supplied order; listening review pending
53,じ,kana_asuka80_053.mp3,37.1365,37.431,Mapped by supplied order; listening review pending
54,ず,kana_asuka80_054.mp3,37.8594,38.1819,Mapped by supplied order; listening review pending
55,ぜ,kana_asuka80_055.mp3,38.6134,39.1452,Mapped by supplied order; listening review pending
56,ぞ,kana_asuka80_056.mp3,39.596,39.8691,Mapped by supplied order; listening review pending
57,だ,kana_asuka80_057.mp3,40.3294,40.6064,Mapped by supplied order; listening review pending
58,ぢ,kana_asuka80_058.mp3,41.0491,41.4592,Mapped by supplied order; listening review pending
59,づ,kana_asuka80_059.mp3,41.9142,42.242,Mapped by supplied order; listening review pending
60,で,kana_asuka80_060.mp3,42.6695,42.8818,Mapped by supplied order; listening review pending
61,ど,kana_asuka80_061.mp3,43.3276,43.5719,Mapped by supplied order; listening review pending
62,ば,kana_asuka80_062.mp3,44.0005,44.2959,Mapped by supplied order; listening review pending
63,び,kana_asuka80_063.mp3,44.7409,45.0021,Mapped by supplied order; listening review pending
64,ぶ,kana_asuka80_064.mp3,45.4333,45.6163,Mapped by supplied order; listening review pending
65,べ,kana_asuka80_065.mp3,46.06,46.3588,Mapped by supplied order; listening review pending
66,ぼ,kana_asuka80_066.mp3,46.7979,47.0681,Mapped by supplied order; listening review pending
67,ぱ,kana_asuka80_067.mp3,47.5243,47.778,Mapped by supplied order; listening review pending
68,ぴ,kana_asuka80_068.mp3,48.2218,48.4572,Mapped by supplied order; listening review pending
69,ぷ,kana_asuka80_069.mp3,48.884,49.1102,Mapped by supplied order; listening review pending
70,ぺ,kana_asuka80_070.mp3,49.5628,49.8599,Mapped by supplied order; listening review pending
71,ぽ,kana_asuka80_071.mp3,50.302,50.5,Mapped by supplied order; listening review pending
72,きゃ,kana_asuka80_072.mp3,50.924,51.5105,Mapped by supplied order; listening review pending
73,きゅ,kana_asuka80_073.mp3,51.975,52.2835,Mapped by supplied order; listening review pending
74,きょ,kana_asuka80_074.mp3,52.756,53.0589,Mapped by supplied order; listening review pending
75,しゃ,kana_asuka80_075.mp3,53.4885,53.8581,Mapped by supplied order; listening review pending
76,しゅ,kana_asuka80_076.mp3,54.3111,54.7841,Mapped by supplied order; listening review pending
77,しょ,kana_asuka80_077.mp3,55.2348,55.7179,Mapped by supplied order; listening review pending
78,ちゃ,kana_asuka80_078.mp3,56.1352,56.5973,Mapped by supplied order; listening review pending
79,ちゅ,kana_asuka80_079.mp3,57.0144,57.2604,Mapped by supplied order; listening review pending
80,ちょ,kana_asuka80_080.mp3,57.7034,57.9836,Mapped by supplied order; listening review pending
81,にゃ,kana_asuka80_081.mp3,58.4046,58.674,Mapped by supplied order; listening review pending
82,にゅ,kana_asuka80_082.mp3,59.1144,59.4181,Mapped by supplied order; listening review pending
83,にょ,kana_asuka80_083.mp3,59.8536,60.1562,Mapped by supplied order; listening review pending
84,ひゃ,kana_asuka80_084.mp3,60.5896,60.8739,Mapped by supplied order; listening review pending
85,ひゅ,kana_asuka80_085.mp3,61.3012,61.648,Mapped by supplied order; listening review pending
86,ひょ,kana_asuka80_086.mp3,62.1199,62.5152,Mapped by supplied order; listening review pending
87,みゃ,kana_asuka80_087.mp3,62.9803,63.2482,Mapped by supplied order; listening review pending
88,みゅ,kana_asuka80_088.mp3,63.6935,64.0701,Mapped by supplied order; listening review pending
89,みょ,kana_asuka80_089.mp3,64.5174,64.8036,Mapped by supplied order; listening review pending
90,りゃ,kana_asuka80_090.mp3,65.2576,65.7162,Mapped by supplied order; listening review pending
91,りゅ,kana_asuka80_091.mp3,66.1404,66.5705,Mapped by supplied order; listening review pending
92,りょ,kana_asuka80_092.mp3,67.011,67.3721,Mapped by supplied order; listening review pending
93,ぎゃ,kana_asuka80_093.mp3,67.811,68.0863,Mapped by supplied order; listening review pending
94,ぎゅ,kana_asuka80_094.mp3,68.5145,69.0909,Mapped by supplied order; listening review pending
95,ぎょ,kana_asuka80_095.mp3,69.562,69.905,Mapped by supplied order; listening review pending
96,じゃ,kana_asuka80_096.mp3,70.3374,70.6793,Mapped by supplied order; listening review pending
97,じゅ,kana_asuka80_097.mp3,71.0999,71.5277,Mapped by supplied order; listening review pending
98,じょ,kana_asuka80_098.mp3,71.9601,72.2495,Mapped by supplied order; listening review pending
99,びゃ,kana_asuka80_099.mp3,72.7006,73.0218,Mapped by supplied order; listening review pending
100,びゅ,kana_asuka80_100.mp3,73.4617,74.7309,Mapped by supplied order; listening review pending
101,びょ,kana_asuka80_101.mp3,75.2091,75.4724,Mapped by supplied order; listening review pending
102,ぴゃ,kana_asuka80_102.mp3,75.9256,76.1817,Mapped by supplied order; listening review pending
103,ぴゅ,kana_asuka80_103.mp3,76.6366,76.9407,Mapped by supplied order; listening review pending
104,ぴょ,kana_asuka80_104.mp3,77.3721,77.62,Mapped by supplied order; listening review pending
105,イェ,kana_asuka80_105.mp3,78.0583,78.705,Mapped by supplied order; listening review pending
106,ウィ,kana_asuka80_106.mp3,79.1191,79.3861,Mapped by supplied order; listening review pending
107,ウェ,kana_asuka80_107.mp3,79.8297,80.3789,Mapped by supplied order; listening review pending
108,ウォ,kana_asuka80_108.mp3,80.8048,81.0561,Mapped by supplied order; listening review pending
109,シェ,kana_asuka80_109.mp3,81.4891,81.8007,Mapped by supplied order; listening review pending
110,ジェ,kana_asuka80_110.mp3,82.2471,82.538,Mapped by supplied order; listening review pending
111,チェ,kana_asuka80_111.mp3,82.9974,83.3009,Mapped by supplied order; listening review pending
112,ティ,kana_asuka80_112.mp3,83.7237,84.1618,Mapped by supplied order; listening review pending
113,ディ,kana_asuka80_113.mp3,84.6001,84.8989,Mapped by supplied order; listening review pending
114,トゥ,kana_asuka80_114.mp3,85.3667,85.721,Mapped by supplied order; listening review pending
115,ドゥ,kana_asuka80_115.mp3,86.1517,86.5019,Mapped by supplied order; listening review pending
116,テュ,kana_asuka80_116.mp3,86.9275,87.2821,Mapped by supplied order; listening review pending
117,デュ,kana_asuka80_117.mp3,87.7144,88.1119,Mapped by supplied order; listening review pending
118,ツァ,kana_asuka80_118.mp3,88.5687,88.8031,Mapped by supplied order; listening review pending
119,ツィ,kana_asuka80_119.mp3,89.2657,89.6461,Mapped by supplied order; listening review pending
120,ツェ,kana_asuka80_120.mp3,90.0721,90.4942,Mapped by supplied order; listening review pending
121,ツォ,kana_asuka80_121.mp3,90.9173,91.2911,Mapped by supplied order; listening review pending
122,ファ,kana_asuka80_122.mp3,91.6926,91.9679,Mapped by supplied order; listening review pending
123,フィ,kana_asuka80_123.mp3,92.4054,92.624,Mapped by supplied order; listening review pending
124,フェ,kana_asuka80_124.mp3,93.0706,93.3405,Mapped by supplied order; listening review pending
125,フォ,kana_asuka80_125.mp3,93.7976,94.0616,Mapped by supplied order; listening review pending
126,フュ,kana_asuka80_126.mp3,94.5435,94.961,Mapped by supplied order; listening review pending
127,ヴァ,kana_asuka80_127.mp3,95.3944,95.7745,Mapped by supplied order; listening review pending
128,ヴィ,kana_asuka80_128.mp3,96.2069,96.5632,Mapped by supplied order; listening review pending
129,ヴ,kana_asuka80_129.mp3,96.9835,97.2349,Mapped by supplied order; listening review pending
130,ヴェ,kana_asuka80_130.mp3,97.6705,97.9202,Mapped by supplied order; listening review pending
131,ヴォ,kana_asuka80_131.mp3,98.3489,98.9553,Mapped by supplied order; listening review pending
132,ヴュ,kana_asuka80_132.mp3,99.4028,99.6972,Mapped by supplied order; listening review pending
133,きて,kana_asuka80_133.mp3,100.133,100.711,Mapped by supplied order; listening review pending
134,きって,kana_asuka80_134.mp3,101.152,101.701,Mapped by supplied order; listening review pending
135,おばさん,kana_asuka80_135.mp3,102.151,102.905,Mapped by supplied order; listening review pending
136,おばあさん,kana_asuka80_136.mp3,103.344,104.191,Mapped by supplied order; listening review pending
137,ビル,kana_asuka80_137.mp3,104.641,104.955,Mapped by supplied order; listening review pending
138,ビール,kana_asuka80_138.mp3,105.375,105.960979,Mapped by supplied order; listening review pending
